beachbody|https://beachbody.wd1.myworkdayjobs.com/en-US/Careers|workday
Ankura Consulting Group LLC|https://ankura.com/job-openings|workday
American Century Services LLC|https://americancentury.wd5.myworkdayjobs.com/AmericanCentuyInvestments|workday
Atrium Hospitality LP|https://atriumhospitality.wd5.myworkdayjobs.com/AtriumHospitality|workday
Aurecon Gains Key Insights Infographic|https://aurecongroup.wd3.myworkdayjobs.com/aurecon|workday
avago-broadcom|https://broadcom.wd1.myworkdayjobs.com/External_Career|workday
Avon|https://avon.wd5.myworkdayjobs.com/AvonCareers|workday
American Transmission Company LLC (ATC)|https://atcllc.wd5.myworkdayjobs.com/en-US/atcllc|workday
Amerisure Mutual Insurance Company|https://osv_amerisure.wd5.myworkdayjobs.com/Amerisure|workday
The Andersons, Inc.|https://andersonsinc.wd1.myworkdayjobs.com/TheAndersonsCareers|workday
ASOS.com Limited|https://asos.wd3.myworkdayjobs.com/en-US/externalcareers|workday
ASPCA (American Society for the Prevention of Cruelty to Animals)|https://aspca.wd1.myworkdayjobs.com/ASPCAWebsite|workday
Association of American Medical Colleges|https://aamc.wd5.myworkdayjobs.com/AAMC|workday
Astro (Astro Group Services SDN BHD)|https://astro.wd3.myworkdayjobs.com/Astro_Careers|workday
athenahealth, Inc|https://athenahealth.wd1.myworkdayjobs.com/External|workday
Atlantic Media, Inc.|https://atlanticmedia.wd1.myworkdayjobs.com/Careers|workday
Appriss|https://appriss.wd1.myworkdayjobs.com/Appriss_Careers|workday
Aptive Environmental|https://aptive.wd1.myworkdayjobs.com/Aptive|workday
Apttus Corporation|https://apttus.wd5.myworkdayjobs.com/External|workday
Argo Group US, Inc.|https://argogroup.wd1.myworkdayjobs.com/Argo|workday
Aristocrat Technologies Australia Pty. Ltd.|https://aristocrat.wd3.myworkdayjobs.com/AristocratExternalCareersSite|workday
Arkansas Children's Hospital|https://archildrens.wd1.myworkdayjobs.com/External_Career_Site|workday
Arrow Electronics|https://arrow.wd1.myworkdayjobs.com/AC|workday
Arterra Wines Canada|https://awc.wd3.myworkdayjobs.com/AWC_Career_Site|workday
Ascena Retail Group, Inc.|https://ascenaretail.wd5.myworkdayjobs.com/canada_jobs|workday
Ascena Retail Group, Inc.|https://ascenaretail.wd5.myworkdayjobs.com/us_retail_jobs|workday
Ascena Retail Group, Inc.|https://ascenaretail.wd5.myworkdayjobs.com/us_distribution_center|workday
Ascena Retail Group, Inc.|https://ascenaretail.wd5.myworkdayjobs.com/us_corporate_jobs|workday
Ascensia Diabetes Care Holdings AG|https://phcgroup.wd3.myworkdayjobs.com/Ascensia_Careers|workday
Apex Capital Corp|https://apexcapitalcorp.wd5.myworkdayjobs.com/Apex_External|workday
The Algonquin College of Applied Arts and Technology|https://algonquincollege.wd3.myworkdayjobs.com/CareerOpportunities|workday
Allegro MicroSystems|https://allegromicro.wd5.myworkdayjobs.com/AllegroCareers|workday
Alfa Laval Corporate AB|https://alfalaval.wd3.myworkdayjobs.com/en-US/Alfa_Laval_jobs|workday
Workday|https://workday.wd5.myworkdayjobs.com/Workday|workday
Acxiom|https://acxiomllc.wd5.myworkdayjobs.com/AcxiomUSA|workday
AirAsia|https://airasia.wd3.myworkdayjobs.com/Careers|workday
Belk Inc|https://belk.wd1.myworkdayjobs.com/Careers|workday
Bill Gosling|https://billgosling.wd5.myworkdayjobs.com/Global|workday
Children's Hospital of Orange County (CHOC)|https://choc.wd5.myworkdayjobs.com/Careers|workday
Autodesk|https://autodesk.wd1.myworkdayjobs.com/en-US/Ext|workday
statestreet|https://statestreet.wd1.myworkdayjobs.com/en-US/Global|workday
3M|https://3m.wd1.myworkdayjobs.com/en-US/Search|workday
USAA|https://usaa.wd1.myworkdayjobs.com/en-US/USAAJOBSWD/jobs|workday
proofpoint|https://proofpoint.wd5.myworkdayjobs.com/en-US/ProofpointCareers|workday
Vertex|https://vrtx.wd5.myworkdayjobs.com/Vertex_Careers|workday
Ryan|https://ryan.wd1.myworkdayjobs.com/RyanCareers|workday
Simmons Bank (Simmons First National Corporation)|https://simmonsbank.wd5.myworkdayjobs.com/SimmonsCareers|workday
ABC Financial Services, Inc.|https://abcfinancial.wd5.myworkdayjobs.com/ABCFinancialServices|workday
Aberdeen Asset Management|https://aam.wd3.myworkdayjobs.com/StandardLifeAberdeen|workday
Absa Bank Limited|https://absa.wd3.myworkdayjobs.com/ABSAcareersite|workday
Academy of Art University|https://academyofartuniversity.wd5.myworkdayjobs.com/Academy_of_Art|workday
Academy School District 20|https://wd5.myworkdaysite.com/recruiting/asd/ASD20|workday
Accuray|https://accuray.wd5.myworkdayjobs.com/External|workday
Ace Hardware Corporation|https://acehardware.wd1.myworkdayjobs.com/External|workday
Adobe Systems Incorporated|https://adobe.wd5.myworkdayjobs.com/external_experienced|workday
Advance Magazine Publishers, Inc.|https://condenast.wd5.myworkdayjobs.com/CondeCareers|workday
Adventist Healthcare|https://adventisthealthcare.wd1.myworkdayjobs.com/AdventistHealthCareCareers|workday
AGF Management Limited|https://agf.wd3.myworkdayjobs.com/AGF_Careers|workday
AGL (AGL Corporate Services Pty Ltd)|https://agl.wd3.myworkdayjobs.com/en-US/AGL_Recruitment|workday
Agropur Cooperative|https://agropur.wd3.myworkdayjobs.com/Agropur_Careers|workday
AIG Advisor Group, Inc.|https://aig.wd1.myworkdayjobs.com/aig|workday
Aimia Inc.|https://aimia.wd3.myworkdayjobs.com/aimia_career_site|workday
Aims Community College|https://aims.wd1.myworkdayjobs.com/Jobs|workday
Alcon Laboratories, Inc.|https://alcon.wd5.myworkdayjobs.com/careers_alcon|workday
Bass Pro, LLC|https://basspro.wd1.myworkdayjobs.com/careers|workday
Babson College|https://babson.wd1.myworkdayjobs.com/Staff|workday
Balyasny Asset Management L.P.|https://bamfunds.wd1.myworkdayjobs.com/External|workday
Bangchak (Bangchak Corporation Public Company Limited)|https://bangchak.wd3.myworkdayjobs.com/BangchakCareer|workday
Bank of Montreal|https://bmo.wd3.myworkdayjobs.com/External|workday
Barry University|https://barryu.wd5.myworkdayjobs.com/BarryUStudentJobs|workday
Barry University|https://barryu.wd5.myworkdayjobs.com/BarryU|workday
Barry-Wehmiller Companies, Inc.|https://barrywehmiller.wd1.myworkdayjobs.com/BWCareers|workday
Belkin International, Inc.|https://belkin.wd5.myworkdayjobs.com/belkin_careers/jobs|workday
Bell and Howell, LLC|https://bellhowell.wd5.myworkdayjobs.com/BH_External|workday
Benchmark Hospitality International|https://benchmark.wd1.myworkdayjobs.com/Benchmark_Careers|workday
Bentley University|https://bentley.wd1.myworkdayjobs.com/faculty|workday
Bentley University|https://bentley.wd1.myworkdayjobs.com/staff|workday
Berklee College of Music|https://berklee.wd1.myworkdayjobs.com/BerkleeCareers|workday
Bioclinica|https://bioclinica.wd1.myworkdayjobs.com/Bioclinica_careers|workday
Birch Communications Inc|https://birch.wd1.myworkdayjobs.com/FusionCareers|workday
Black Knight Financial Technology Solutions LLC|https://blackknight.wd1.myworkdayjobs.com/BKC|workday
BlackBerry|https://bb.wd3.myworkdayjobs.com/BlackBerry|workday
Blucora, Inc.|https://blucora.wd1.myworkdayjobs.com/blucora|workday
BNB - Business Network Builders|https://bnb.wd3.myworkdayjobs.com/BNB_External|workday
Board of Supervisors of Louisiana State University and Agricultural and Mechanical College (LSU)|https://lsu.wd1.myworkdayjobs.com/LSU|workday
Bob's Discount Furniture|https://bobsdf.wd1.myworkdayjobs.com/en-US/Bobs_Careers|workday
Brady Trane Services, Inc.|https://brady.wd1.myworkdayjobs.com/BradyServices_Careers|workday
Brandeis University|https://brandeis.wd5.myworkdayjobs.com/en-US|workday
Brandman University|https://brandman.wd5.myworkdayjobs.com/BrandmanCareers|workday
Braves (Atlanta National League Baseball Club, LLC)|https://atlantabravesmlb.wd5.myworkdayjobs.com/AtlantaBraves|workday
Encova|https://encova.wd1.myworkdayjobs.com/Search|workday
Broward College|https://browardcollege.wd5.myworkdayjobs.com/FT|workday
Broward College|https://browardcollege.wd5.myworkdayjobs.com/PT|workday
Brown University|https://brown.wd5.myworkdayjobs.com/staff-careers-brown|workday
Bruce Power L.P.|https://brucepower.wd3.myworkdayjobs.com/BrucePower|workday
Brunswick Corporation|https://brunswick.wd1.myworkdayjobs.com/search|workday
Budage Pty Limited (Clayton)|https://claytonutz.wd3.myworkdayjobs.com/Claytonutz1|workday
Burrell, Inc.|https://burrellcenter.wd5.myworkdayjobs.com/BBH|workday
Bronson Health Care Group|https://bronsonhg.wd1.myworkdayjobs.com/newhires|workday
Brock University|https://brocku.wd3.myworkdayjobs.com/brocku_careers|workday
Bristow Group, Inc.|https://bristow.wd1.myworkdayjobs.com/Careers|workday
Cadence|https://cadence.wd1.myworkdayjobs.com/External_Careers|workday
CAE|https://cae.wd3.myworkdayjobs.com/career|workday
California College of the Arts|https://cca.wd5.myworkdayjobs.com/CCA|workday
Calix Networks, Inc.|https://calix.wd1.myworkdayjobs.com/External|workday
Calvin University (Calvin College)|https://calvin.wd5.myworkdayjobs.com/CalvinUniversityCareers|workday
Camden National Bank|https://camdennational.wd1.myworkdayjobs.com/CNB-Careers|workday
Canada Goose Inc.|https://canadagoose.wd3.myworkdayjobs.com/CanadaGooseCareers|workday
Canada Goose Inc.|https://canadagoose.wd3.myworkdayjobs.com/RetailCanadaGooseCareers|workday
Canada Goose Inc.|https://canadagoose.wd3.myworkdayjobs.com/ManufacturingCanadaGooseCareers|workday
Canada Goose Inc.|https://canadagoose.wd3.myworkdayjobs.com/CorporateCanadaGooseCareers|workday
Canadian Western Bank|https://cwb.wd3.myworkdayjobs.com/external|workday
Carpenter Technology Corporation|https://cartech.wd5.myworkdayjobs.com/CTCExternal|workday
Catalent Pharma Solutions, LLC|https://catalent.wd1.myworkdayjobs.com/External|workday
CBOE V, LLC|https://cboe.wd1.myworkdayjobs.com/External_Career_CBOE|workday
Cenovus Energy, Inc.|https://cenovus.wd3.myworkdayjobs.com/careers|workday
Center For Autism and Related Disorders, L.L.C.|https://card.wd5.myworkdayjobs.com/Search|workday
Center for Excellence in Higher Education|https://cehe.wd5.myworkdayjobs.com/en-US/CEHE_Careers|workday
CenterLight Health System Inc|https://centerlight.wd5.myworkdayjobs.com/en-US/centerlight|workday
Centerstone of America, Inc.|https://centerstone.wd5.myworkdayjobs.com/CenterstoneCareers|workday
Centier Bank|https://centier.wd1.myworkdayjobs.com/centierbankcareers|workday
Centrify Corporation|https://centrify.wd1.myworkdayjobs.com/en-US/External|workday
CH Guenther and Son, Inc.|https://chg.wd5.myworkdayjobs.com/en-US/US_External_Career_Site|workday
Challenger (Challenger Group Services Pty Limited.)|https://challenger.wd3.myworkdayjobs.com/Challenger_Careers|workday
Chapters Health System|https://chaptershealth.wd5.myworkdayjobs.com/jobs|workday
Chevron|https://chevron.wd5.myworkdayjobs.com|workday
Choice Hotels International, Inc.|https://choicehotels.wd5.myworkdayjobs.com/External|workday
CHT Germany GmbH|https://chtgroup.wd3.myworkdayjobs.com/en-US/CHT-jobs|workday
Church|https://churchs.wd1.myworkdayjobs.com/Corporate|workday
Church|https://churchs.wd1.myworkdayjobs.com/Field|workday
City and County of Denver|https://denver.wd1.myworkdayjobs.com/CCD-denver-denvergov-CSC_Jobs-Civil_service_jobs-Police_Jobs-Fire_Jobs|workday
City Year|https://cityyear.wd5.myworkdayjobs.com/CityYear/jobs|workday
Claremont University Consortium|https://theclaremontcolleges.wd1.myworkdayjobs.com/TCCS_Careers|workday
Claremont University Consortium|https://theclaremontcolleges.wd1.myworkdayjobs.com/TCCS_CareersStudents|workday
Clark Builders|https://cbgoc.wd3.myworkdayjobs.com/cb|workday
Clark County (WA)|https://clarkcountywashington.wd1.myworkdayjobs.com/ClarkCountyJobs|workday
CLEAResult Consulting Inc.|https://clearesult.wd1.myworkdayjobs.com/CLEAResult_External_Careers|workday
ClearSky Health Acquisition, LLC|https://clearskyhealth.wd1.myworkdayjobs.com/CSH|workday
Cleco Corporation|https://cleco.wd5.myworkdayjobs.com/ClecoJobs|workday
CliftonLarsonAllen LLP|https://cliftonlarsonallen.wd1.myworkdayjobs.com/CLA|workday
Cloudator|https://cloudator.wd3.myworkdayjobs.com/Cloudator_Careers|workday
CLUB MED|https://clubmed.wd3.myworkdayjobs.com/External_Career_Site_Office|workday
Cognex Corporation|https://cognex.wd1.myworkdayjobs.com/en-US/External_Career_Site|workday
Cognosante, LLC|https://cognosante.wd1.myworkdayjobs.com/en-US/Cognosantecareers|workday
Colby (Colby College)|https://colby.wd5.myworkdayjobs.com/ColbyCareers|workday
Coleman Worldwide Moving LLC|https://colemanwm.wd1.myworkdayjobs.com/Coleman_Careers|workday
Colfax Corporation|https://colfax.wd5.myworkdayjobs.com/cfxcareers|workday
djoglobal|https://colfax.wd5.myworkdayjobs.com/djocareers|workday
Collaborative Solutions|https://collaborative.wd1.myworkdayjobs.com/allopenings|workday
Colliers International (Colliers Macaulay Nicolls Inc.)|https://colliers.wd3.myworkdayjobs.com/Colliers-External-Career-Site|workday
Commerce Bank|https://commercebank.wd1.myworkdayjobs.com/CommerceJobs|workday
CommBank|https://cba.wd3.myworkdayjobs.com/CommBank_Careers|workday
Computer Patent Annuities Holdings Limited|https://cpaglobal.wd3.myworkdayjobs.com/CPA_External|workday
Consolidated Container Company LP|https://ccc.wd5.myworkdayjobs.com/ccc_External|workday
Constellation Brands|https://cbrands.wd5.myworkdayjobs.com/CBI_External_Careers|workday
Continental Resources, Inc.|https://clr.wd5.myworkdayjobs.com/CLR_Careers|workday
ConvaTec|https://convatec.wd1.myworkdayjobs.com/en-US/ConvaTec|workday
Cornell University|https://cornell.wd1.myworkdayjobs.com/CornellCareerPage|workday
The Corporation of Western Governors University|https://wgu.wd5.myworkdayjobs.com/External|workday
CoStar Realty Information, Inc.|https://costar.wd1.myworkdayjobs.com/CoStarCareers|workday
County of Buncombe|https://buncombecounty.wd1.myworkdayjobs.com/en-US/Buncombe_County_Careers|workday
Covestro Deutschland AG|https://covestro.wd3.myworkdayjobs.com/de-DE/cov_external|workday
Coyote Logistics, LLC|https://coyote.wd5.myworkdayjobs.com/en-US/coyotecareers|workday
CPA Global Group Holdings Limited|https://cpaglobal.wd3.myworkdayjobs.com/CPA_External|workday
Cromwell Operations Pty Ltd|https://cromwell.wd3.myworkdayjobs.com/01|workday
Cubic Corporation|https://cubic.wd1.myworkdayjobs.com/cubic_USA_careers|workday
Cubic Corporation|https://cubic.wd1.myworkdayjobs.com/cubic_global_careers|workday
Curvature|https://curvature.wd5.myworkdayjobs.com/External|workday
CyrusOne, LLC|https://cyrusone.wd1.myworkdayjobs.com/CyrusOne|workday
